Title,Length,Date,Time,Source,Content,Author
MEINUNG; Instinktlos und peinlich!,126 words,14 July 2023,BILD,ZBILD,"['ANGELIKA HELLEMANN', 'Der Kanzler und seine 16 Minister haben tatsächlich ihren Plan durchgezogen und sich 3000 Euro Inflationsprämie genehmigt - steuerfrei.', 'Sie sind offenbar der Meinung, dass ihnen der Zuschlag, der Busfahrern und Erzieherinnen das Zahlen an der Supermarktkasse leichter machen soll, zusteht.', 'Was für eine peinliche Instinktlosigkeit!', 'Zumal schon im nächsten März der Minister- und Kanzlerverdienst erhöht wird, jeder Minister etwa 900 Euro im Monat mehr verdienen wird.', 'Wenn die Ampel-Regierung den Frust auf ""die da oben"" ernst nimmt, dann sollte sie sich besinnen und das Geld sofort zurückgeben. Und zwar an uns Steuerzahler.', 'Jedermann kann dem Staat unbürokratisch Geld schenken. Für solche Fälle wurde eigens ein Spendenkonto beim Bund eingerichtet. DAS wäre in diesen Zeiten das richtige Zeichen!']",ANGELIKA HELLEMANN
"MEINUNG; Füllkrug macht für Bayern Sinn, wenn...",289 words,12 July 2023,BILD,ZBILD,"['MATTHIAS BRÜGELMANN', 'Ganz klar: Harry Kane (29) wäre mit seinen Mittelstürmer-Qualitäten der perfekte Bayern-Transfer.', 'Aber klar ist auch: Der FC Bayern muss aufpassen, dass der Tottenham-Superstar nicht zu teuer wird. Denn 2024 wäre Kane ablösefrei zu haben.', 'Was ist das eine Jahr Bayern wert?', 'Zum Vergleich: Lewandowski hat 2022 ein Jahr vor Vertragsende etwa 50 Millionen Euro gekostet, war zu dem Zeitpunkt vier Jahre älter als Kane heute. Insofern wären 70 bis 80 Millionen Euro vertretbar. Aber 100 Millionen Euro für Englands Kapitän? NO!', 'Um die Verhandlungsposition gegenüber dem knallharten Tottenham-Boss Levy zu verbessern, ist es clever, dass die Bayern jetzt ein Alternativ-Szenario aufbauen. Motto: Wenn du unsere 70 bis 80 Millionen jetzt nicht willst, kommt Kane halt 2024 umsonst...', 'Álvarez (23/Manchester City) und Vlahovic (23/Juventus) sind als mögliche Leih-Stürmer im Gespräch, um die Bayern-Saison 23/24 zu überbrücken. Kann man machen.', 'Eine andere Variante würde für mich noch mehr Sinn ergeben, falls es diesen Sommer noch nicht mit Kane klappen sollte: Bundesliga-Torschützenkönig Füllkrug (30) für 20 Millionen Euro aus Bremen holen! Wer beim Tabellendreizehnten in 28 Spielen 16 Treffer erzielt und 5 vorbereitet, wird auch beim Serienmeister funktionieren. Füllkrug würde sicher auch lieber zu Bayern als zu Bayer gehen, falls er die Wahl haben sollte.', 'Damit hätte Tuchel einen richtig guten Typen, der gierig auf seine ersten Titel ist - und auch den perfekten Kane-Back-up für die nächsten Jahre, wenn Choupo-Moting nicht mehr da ist. Ganz nebenbei würden die Bayern so Flick und der Nationalelf helfen, da sich Füllkrug mit Musiala, Gnabry, Sané und Müller für die EM 2024 einspielen könnte.', 'Füllkrug wäre der perfekte Plan B!']",Matthias Brügelmann
MEINUNG; Keine neuen Schnapsideen!,140 words,11 July 2023,BILD,ZBILD,"['HANS JÖRG VEHLEWALD', 'SPD-Chef Klingbeil will abschaffen, wovon er selbst profitiert: das Ehegattensplitting, das Familien und Paaren seit Jahrzehnten Entlastung verschafft. Klingbeil nennt das System überkommen, unmodern. Tatsächlich bringt es in Sachen Familien- und Kinderförderung seit Langem wenig. Und es belohnt, wenn ein Partner zu Hause bleibt, statt zu arbeiten. Dabei brauchen wir mehr Arbeitskräfte, mehr Nachwuchs.', 'Aber hängen Geburtenraten und Frauen-Erwerbsquoten wirklich von den Milliarden ab, die der Staat in immer neue ""Kinderzuschläge"" oder ""Grundsicherungen"" steckt? Offenkundig nicht!', 'Auf das Ehegattensplitting können Paare seit 1958 vertrauen. SPD und Ampel sollten dieses Prinzip nicht mit ein paar Nebensätzen einreißen, ohne vernünftige Alternativen zu bieten.', 'Die Bürger sind wegen Krieg, Zeitenwende, Heiz-Hammer bereits tief verunsichert.', 'Daher, liebe Ampel-Politiker: im Sommerloch 2023 bitte keine weiteren solcher Schnapsideen!', 'Foto: MICHAEL KAPPELER/DPA ']",Hans-Jörg Vehlewald
MEINUNG; Die grüne Arroganz nervt!,147 words,8 July 2023,BILD,ZBILD,"['JAN W. SCHÄFER', 'Monatelang machten Robert Habeck und die Grünen Druck, das Heiz-Gesetz per Turbo durch den Bundestag zu peitschen.', 'Nun haben Richter Habeck gebremst. Und was sagt der Wirtschafts- und Selbstschutzminister lächelnd? ""Kein Beinbruch ...""', ""Geht's noch abgehobener?"", 'Habeck und seine Grünen haben ein Problem damit, Fehler einzugestehen. Fast in Trump-Manier suchen sie die Schuld gerne woanders. Beim Heiz-Hammer fuhren angeblich Lobbygruppen, die ""Rechte"", die CDU, die FDP eine Kampagne gegen das Gesetz. Auch BILD wurde beschuldigt.', 'Auf die Idee, dass Habecks erste Entwürfe schlicht Murks waren, kam bei den Grünen wohl niemand.', ""Fehler können passieren, keine Frage. Normalerweise entschuldigt man sich danach, ändert sein Verhalten - und weiter geht's. Was echt nervt, ist: ständig zu glauben, man mache alles richtig. Und schuld an eigenen Fehlern seien andere."", 'Solch ein Verhalten ist einer Regierungspartei unwürdig.']",Jan W. Schäfer
MEINUNG; Die Dilettanten,229 words,7 July 2023,BILD,ZBILD,"['ROBERT SCHNEIDER', '""Das ist ein sehr seriöses Gesetzgebungsverfahren"" - so wischte der Kanzler noch am Sonntag alle verfassungsrechtlichen Zweifel an der Eile vom Tisch, mit der die Ampel das ohnehin arg ramponierte Heizungsgesetz durch den Bundestag bringen wollte.', 'Am Mittwoch dann ließ das Bundesverfassungsgericht den gesetzgeberischen Luftballon platzen und verbot der Ampel schlicht, mit ihrer Mehrheit die zweite und dritte Lesung in dieser Woche zu erzwingen.', 'Doch von Einsicht keine Spur! Nur wenige Stunden später griffen nicht wenige Unbelehrbare der Koalition erneut zum Brecheisen und versuchten, eine ebenso kostspielige wie unnötige Sondersitzung des Bundestags durchzusetzen, um das Heiz-Gesetz noch zügig durchzusetzen (was gottlob an der FDP scheiterte). Schlimm genug, dass die Ampel die Kontrollbefugnis des Parlaments dreist beschneiden wollte, nur um das Verlierer-Thema Heizungsgesetz aus den Landtagswahlen im Herbst herauszuhalten.', 'Doch für mich ist der Dilettantismus des Vorgehens fast schlimmer!', 'Wir erleben seit Wochen einen Kanzler Scholz, einen Vizekanzler Habeck und den Finanzminister, die unter den fassungslosen Blicken des Publikums wie in einem Autoscooter auf dem Rummelplatz planlos von Crash zu Crash fahren. Zu Erinnerung: Neben dem Heizungsgesetz krachte es bei Rot-Grün-Gelb allein in dieser Woche bei der Kindergrundsicherung und beim Elterngeld. Wirtschaftlicher Abstieg, Inflation, Flüchtlingskrise, Krieg in der Ukraine und dazu eine Regierung, die nicht einmal ein korrektes Gesetzgebungsverfahren auf die Reihe bringt.', 'Es kann einem angst und bange werden.']",ROBERT SCHNEIDER
MEINUNG; Das große Taumeln,164 words,6 July 2023,BILD,ZBILD,"['HANS-JÖRG VEHLEWALD', 'In weiten Teilen Ostdeutschlands liegt die AfD in Umfragen ganz vorn. Bundesweit über 20 Prozent!', 'Und wie reagieren die anderen, vor allem die Union? Bayerns CSU-Chef Markus Söder tönt, die Union werde das Ampel-Heizgesetz abschaffen, sobald sie wieder den Kanzler stelle.', 'CDU-Bundesvorstand Mike Mohring aus Thüringen sät Zweifel daran, ob Ukraine-Flüchtlinge Bürgergeld kassieren dürfen.', 'Deutlich wird dabei nur: Die blanke Panik treibt unsere Politiker! Die Ampel peitscht ihren Heiz-Hammer durch den Bundestag. Und die Union weiß nicht, ob sie sich den Grünen anbiedern oder der AfD hinterherlaufen will.', 'Allgemeine Verunsicherung! Taumeln.', 'Auf das AfD-Hoch haben die Parteien null Antworten.', 'Die AfD nachzuahmen, wird sie nicht besiegen! Die Partei stellt großenteils berechtigte Fragen. ABER: Die passenden Antworten müssen von den etablierten Parteien kommen. Von souveränen, gemäßigten Politikern, denen der Angstschweiß nicht auf der Stirn steht.', 'Genau daran mangelt es in diesen Tagen. Im Osten und im Westen der Republik!']",Hans-Jörg Vehlewald
MEINUNG; Davon lebt Demokratie!,150 words,28 June 2023,BILD,ZBILD,"['ALBERT LINK', 'Ja, es gibt Länder, in denen die Willkür regiert. In denen Despoten nicht juckt, was das Volk denkt.', 'Doch diese Woche belegt einmal mehr: Deutschland gehört NICHT dazu.', 'Massive Einwände und berechtigte Kritik haben dafür gesorgt, dass gleich zwei Minister ihre Gesetzentwürfe überarbeitet haben. Für die überwiegende Mehrheit der Deutschen greift Robert Habecks Verbot von Öl- und Gasheizungen nicht 2024, sondern erst Jahre später. Für Mieter wie Eigentümer ist der Heiz-Hammer entschärft.', 'Und aus Cem Özdemirs Werbeverbot für teils kerngesunde Lebensmittel wird jetzt ein Verbot für Produkte, die für Kinder wirklich problematisch sein können.', 'Das zeigt: Streiten lohnt sich. Es kommt eben nicht nur alle vier Jahre auf die Stimme im Wahllokal an. Sondern immer dann, wenn Politiker - wie Habeck es sogar eingeräumt hat - Stimmungen der Bürger völlig falsch einschätzen.', 'Wo Volkes Stimme spricht und gehört wird, da lebt die Demokratie!']",Albert Link
MEINUNG; Denkt an das Land!,144 words,20 June 2023,BILD,ZBILD,"['KARINA MÖSSBAUER', 'Die Ampel patzt in Dauerschleife. SPD, Grüne und FDP zerlegen sich immer wieder in der Öffentlichkeit. Es könnte eine Sternstunde für die größte Oppositionskraft in Deutschland sein. Doch die CDU nutzt diese Chance nicht!', 'Statt sich als ernst zu nehmende Alternative zur Ampel aufzustellen, ist in der Partei ein Machtkampf entbrannt: Zwei Top-Politiker der CDU demontieren sich gegenseitig, sichtbar für alle.', 'Das ist kindisch, überflüssig - und hilft vor allem der AfD. Die Rechtsaußen dürften sich wieder einmal mehr die Hände reiben, weil sie vom wachsenden Frust über die etablierten Parteien profitieren.', 'Friedrich Merz und Hendrik Wüst müssen wissen: Auch in der Opposition muss es zuerst ums Land gehen, dann um die Partei. Und ganz zum Schluss um das eigene Ego.', 'Fällt die CDU als ernst zu nehmende Alternative aus, droht Deutschlands Demokratie schwerer Schaden.']",KARINA MÖSSBAUER 
MEINUNG; Wir haben ein Recht auf sichere Städte!,146 words,19 June 2023,BILD,ZBILD,"['FRANK SCHNEIDER', 'Es waren beängstigende Szenen wie im Bürgerkrieg, die ich selbst am Freitagabend mitten in Essen erlebt habe.', 'Aggressive Gruppen Hunderter libanesischer und syrischer Männer, brutale Gewaltausbrüche, dazwischen stehen Polizisten mit Angst in den Augen.', 'Das hat auf unseren Straßen nichts zu suchen. Hier gilt der Rechtsstaat, ohne Ausnahme liegt das Gewaltmonopol bei der Polizei. Und nicht bei marodierenden Großfamilien. Trotz des teilweise erfolgreichen Kampfes gegen kriminelle Clanstrukturen zeigt sich auf dramatische Art: Wenn es um die Familienehre geht, lehnen bestimmte Gruppen unseren Rechtsstaat ab.', 'Noch dramatischer sieht es im liberalen Schweden aus. Dort hat man zu lange gezaudert, so wurde man zum gefährlichsten Land Europas. Die Politik muss diese Gefahr erkennen, ehrlich benennen und konsequent handeln. Jetzt. Sonst freut sich die AfD über noch mehr Rückenwind. Die Bürger haben ein Recht auf sichere Innenstädte!']",Frank Schneider
MEINUNG; Klartext ist richtig!,125 words,13 June 2023,BILD,ZBILD,"['Viele Spitzenpolitiker reden wieder Klartext - gut so!', 'Denn wer die Bürger repräsentieren will, muss auch reden wie die Bürger. Und nicht abgehoben schwafeln.', 'Die Wähler wollen keinen politischen Einheitsbrei. Das zeigen die Umfragen immer wieder. Sie wollen Parteien und Politiker, die sich unterscheiden und verständlich für ihre Standpunkte streiten. Das haben der Bundeskanzler und andere Spitzenpolitiker zuletzt hörbar gemacht.', 'Dabei ist es zuweilen ein schmaler Grat zwischen nötiger Zuspitzung und hetzerischer Übertreibung. Mit dem einen kann man Debatten lostreten und die Demokratie stärken. Mit dem anderen die Demokratie angreifen.', 'Unsere Politiker müssen wissen: Klartext ist wichtig, selbst wenn ein Satz mal danebengeht. Was nicht geht, ist Klartext, der die Axt an unsere Grundwerte anlegt. Und damit dem ganzen Land Schaden zufügt.']",
MEINUNG; Deutliche Energie-Mahnung an Berlin,135 words,10 June 2023,BILD,ZBILD,"['MAXIMILIAN BOTH', 'Schon lange rümpfen ausländische Politiker die Nase über die deutsche Energiewende.', 'Schwedens Vize-Regierungschefin Busch spricht jetzt Klartext, sagt voraus: Deutschland wird seine Klimaziele ohne Kernkraft nicht erreichen. Eine Botschaft, die in Berlin alle aufrütteln muss!', 'Der Umbau zur klimaneutralen Wirtschaft ist bundesweit in vollem Gange. Bis 2030 sollen 15 Millionen E-Autos auf unseren Straßen fahren, sechs Millionen Wärmepumpen unsere Häuser heizen. Der Industrieverband BDI schätzt, dass sich der Stromverbrauch der Deutschen bis 2045 verdoppeln wird.', 'Zugleich will die Ampel-Regierung am liebsten schon bis 2030 aus der Kohlekraft aussteigen. Es droht: ein Energie-Harakiri!', 'Die Bundesregierung muss daher schleunigst sagen, was ihr wirklich wichtig ist. Und genau schauen, wie andere Länder den Ausbau der erneuerbaren Energien und der Kernkraft zusammenbringen.', 'Der Umwelt zuliebe.']",MAXIMILIAN BOTH 
MEINUNG; Rechtsbruch an den Grenzen beenden!,142 words,9 June 2023,BILD,ZBILD,"['PETER TIEDE', 'Die EU-Innenminister ringen in Luxemburg um die EU-Asylpolitik - in Rom sind es Olaf Scholz und Giorgia Meloni. Und wieder melden sich die üblichen Mahner mit den üblichen Schlagworten:', '""Festung Europa""', '""Stacheldraht und Mauer""', '""Frauen und Kinder in Internierungslagern"" - das Abendland vorm Untergang.', 'Doch, was da ""droht"", ist im Kern nur die Beendigung eines andauernden Rechtsbruchs durch EU und Mitgliedstaaten:', 'Schutz der Außengrenze: Pflicht!', 'Asyl-Erstantrag im Ankunftsland: Vorschrift!', 'Einschränkung der Freizügigkeit für Migranten, über deren Status nicht entschieden ist: Rechtslage!', 'Ab- und Zurückschiebungen: Muss! Diese Regeln werden seit Jahren gebrochen. Das EU-Asylsystem ist Schrott.', 'Jetzt läuft der Reparaturversuch. Und der muss gelingen - zur Not ausgehandelt zwischen dem Sozialdemokraten Scholz und der rechten Meloni. Es geht um zu viel: unsere Freiheit und Freizügigkeit - und um die Rechtfertigung für unser Asylrecht.']",Peter Tiede
MEINUNG; Die 35-Stunden-Woche ist falsch!,152 words,6 June 2023,BILD,ZBILD,"['JAN W. SCHÄFER', 'Die Bahn gerät vollends in die Zange der Gewerkschaften. Nach den EVG-Eisenbahnern drücken nun auch die GDL-Lokführer: Sie wollen ein sattes Lohnplus - und obendrauf die 35-Stunden-Woche.', 'Das klingt wie ein 80er-Jahre-Comeback. Und geht völlig an der Realität vorbei!', 'Vor 40 Jahren herrschte Massenarbeitslosigkeit. Heute suchen Firmen händeringend Mitarbeiter, bundesweit sind 1,7 Millionen Jobs frei. Die Bahn braucht allein in diesem Jahr 2400 neue Lokführer.', 'Das heißt: Für ehrliche Arbeit müssen Chefs ihren Mitarbeitern mehr denn je anständige Löhne zahlen. Sonst gehen sie im Kampf um Fachkräfte leer aus.', 'Das heißt aber auch: Eine 35-Stunden-Woche passt nicht mehr in die Zeit! Sie ist so verkehrt wie eine Daunenjacke in der Wüste.', 'Die streikerprobten Lokführer haben zuletzt viele Sympathien bei Bahn-Kunden verspielt. Sie müssen aufpassen, dass die Stimmung nicht endgültig kippt.']",Jan W. Schäfer
MEINUNG; Arbeiten muss sich lohnen! Auch für Rentner,143 words,5 June 2023,BILD,ZBILD,"['DIRK HOEREN', '""Eine gute und verlässliche"" Rente, das hat uns die Ampel im Koalitionsvertrag versprochen. Leider ist das Gegenteil der Fall!', 'Erst lädt der Staat die gut ausgebildeten und jahrzehntelang Beschäftigten förmlich dazu ein, schon mit 63 in den Ruhestand zu gehen. Abschlagsfrei und mit extra hohen Renten.', 'Dann beklagt die Regierung den Mangel an Facharbeitern. Auch an älteren, die noch ohne Murren Überstunden schrubben, und nicht nach Work-Life-Balance fragen.', 'Sie bittet die Senioren zurück an die Werkbank. Weiterarbeiten trotz Rente! Und dann hält der Staat die Hand auf, kassiert unverschämt hohe Steuern.', 'Genau wie bei den Betriebsrenten: Erst empfiehlt die Regierung Beschäftigten, Betriebsrenten anzusparen. Dann kassiert sie darauf extra hohe Kranken- und Pflegeversicherungsbeiträge.', 'Rentenpolitik mit Hand und Fuß sieht anders aus! Zum Beispiel, dass Arbeiten und Dazuverdienen steuerlich attraktiv werden!']",Dirk Hoeren
MEINUNG; Nährboden für Verfassungs-Feinde,132 words,3 June 2023,BILD,ZBILD,"['FLORIAN KAIN', 'Die erschreckten Reaktionen der etablierten Parteien auf das Umfrage-Hoch der AfD sind so erwartbar wie wohlfeil.', 'Denn es ist klar und durch Umfragen belegt: Die Rechtsaußen haben auch deshalb so viel Zulauf, weil die aktuelle Migrationskrise nicht gelöst wird. Bundesländer und Kommunen schlagen seit Monaten Alarm, warnen vor Überlastung. Und trotzdem sträubt sich Innenministerin Nancy Faeser immer noch gegen feste Grenzkontrollen.', 'Das ist - wie schon in Sachen Heiz-Hammer - Politik, die nicht hilft, sondern die Leute im Stich lässt! Und damit leider Nährboden auch für Verfassungsfeinde ist.', 'Die Ampel-Regierung muss endlich zu einer Politik der praktischen Vernunft finden. Dann wird auch der Höhenflug der Protestpartei AfD schnell ein Ende haben. Sie hat den Bürgern doch außer dummen Parolen gar nichts anzubieten.']",Florian Kain
MEINUNG; Krieg wird für Putin zum Bumerang,135 words,31 May 2023,BILD,ZBILD,"['JULIAN RÖPCKE', 'Seit 15 Monaten terrorisiert Russland die Bevölkerung der ukrainischen Hauptstadt. Erst gestern starb erneut eine Frau bei einem russischen Drohnen-Angriff auf Kiew.', 'Diese Verbrechen kann die ukrainische Regierung nicht unbeantwortet lassen.', 'Auch wenn Kiew jede Beteiligung von sich weist: Zwölf Drohnen attackierten Moskau. Anders als bei Russlands Angriffen kam kein Zivilist zu Schaden.', 'Aber: Es herrschte Panik bei den Einwohnern nach den Explosionen über Putins Hauptstadt.', 'Damit ist klar: Die Kreml-Propaganda zieht nicht mehr! Sie hat bisher versucht, jedem Russen einzutrichtern: Der Krieg ist weit weg, hat nichts mit euch zu tun ...', 'Die Angriffe auf Moskau machen stattdessen auch dem letzten Russen klar: Wenn sie sich nicht gegen Kriegstreiber Putin auflehnen, wird der Krieg sie nicht verschonen.', 'Höchste Zeit für echten Widerstand.']",Julian Röpcke
MEINUNG; Wovor hat Habeck Angst?,158 words,25 May 2023,BILD,ZBILD,"['ROBERT SCHNEIDER', 'Früher hätten die Grünen dagegen protestiert!', 'Gegen das, was sich gestern in der gemeinsamen Sitzung der Bundestagsausschüsse für Wirtschaft/ Klima und Energie abgespielt hat. Es war nicht weniger als die radikale Beschneidung des Fragerechts von Abgeordneten der Opposition.', 'Worum geht es? Auf Beschluss der Ampel-Mehrheit durften Minister Robert Habeck und seine Staatssekretäre zu den teils skandalösen Vorgängen in der Führungsebene des Hauses (Stichwort Trauzeugen-Affäre) nicht so befragt werden, dass sie konkret auf jede Frage hätten antworten müssen.', 'Auch die Möglichkeit zu Nachfragen bestand nicht: Jede Fraktion hatte pro Thema nur eine Minute Zeit, ihre Fragen gesammelt vorzutragen. Der Minister durfte sie dann in einem Aufwasch beantworten.', 'Heißt: Habeck konnte sich aussuchen, auf welche Fragen er antwortet und welche er übergeht. Sehr bequem für einen Minister unter Druck!', 'Aber diese Bequemlichkeit hat einen Preis: Habeck wirkt dadurch schwach. Und es bleibt die Frage, wovor Habeck eigentlich so viel Angst hat?']",
MEINUNG; Habeck bleibt nur noch eine Wahl,133 words,22 May 2023,BILD,ZBILD,"['FILIPP PIATOV', 'Hört das denn niemals auf?', 'Fast bekommt man den Eindruck, dass Wirtschaftsminister Robert Habeck seine Staatssekretäre danach ausgewählt hat, wer die meisten undurchsichtigen Verbindungen familiärer und finanzieller Art hat.', 'Verstrickt? Verwandt? Verschwägert? Eingestellt!', 'Immerhin hat Habeck ein Gegenmittel gegen Filz gefunden, den er selbst ins Haus geholt hat: interne Ermittlungen, wie im Fall Graichen.', 'Habeck handelte richtig. Jetzt muss der Minister nachlegen! Sein Staatssekretär Udo Philipp machte einen Manager zum Berater, in dessen Fonds er selbst investiert hat.', 'Habeck sollte die richtigen Lehren aus dem Fall Graichen ziehen. Anstatt sich aus politischen Gründen vor seine Top-Berater zu stellen, sollte er jeden Vorgang, jede Entscheidung rückwirkend auf den Prüfstand stellen.', 'Nur so kann er das Vertrauen der Bürger in sein Ministerium zurückgewinnen.']",Filipp Piatov
MEINUNG; Pep wie Steffi!,544 words,19 May 2023,BILD,ZBILD,"['Das 4:0 gegen Real war Guardiolas Glücksmoment der Erlösung. Wie 1999 bei unserer Tennis-Königin', 'MATTHIAS BRÜGELMANN', 'Eins vorweg: Der FC Bayern hat sich im Vergleich zu Real Madrid noch gut geschlagen gegen die Fußball-Maschine Man City!', 'Es war eine ganz besondere Nacht in Manchester. Nicht nur, weil dieses 4:0 des englischen Meisters nahezu perfekt war. Sondern weil Pep Guardiola (52) nach langer, langer Zeit richtig glücklich wirkte. Seine Augen leuchteten, er kam extra aus der Kabine zurück auf den Platz, um den Jubel zu genießen - obwohl es ja erst das Halbfinale war. Er schien zu spüren, dass er das Ziel, für das er so hart arbeitet, am 10. Juni in Istanbul gegen Inter Mailand erreichen wird: den Champions-League-Sieg!', 'Als ich Pep so befreit strahlen sah, musste ich an unsere Tennis-Königin Steffi Graf (53) denken und ihre kindliche Freude nach dem sensationellen French-Open-Triumph 1999 gegen das Nr.-1-Wunderkind Martina Hingis (damals 18).', 'Steffi hatte es in Paris allen gezeigt. Wie Pep hatte sie vorher schon viele große Siege errungen, genau genommen unfassbare 21 Grand-Slam-Titel plus Olympia-Gold. Wie Pep hatte sie durch den Druck des Gewinnen-Müssens viele Jahre ihr Lachen, ihre Unbefangenheit, auf dem Platz weitestgehend verloren.', 'Beide verbindet eine Besessenheit, es perfekt zu machen. Getriebene. Beide sind 6:0-Typen. Das bringt einem Respekt ein, aber nicht immer Sympathien.', 'Gewann Steffi ein Grand-Slam-Turnier nicht, musste sie sich rechtfertigen. Gewann Pep mit Bayern (2013 bis 2016) oder Manchester City (seit 2016) nicht die Champions League, musste er sich vorhalten lassen, dass er es ja nur dank Messi bei Barcelona zweimal geschafft habe - und das sei keine Kunst gewesen. Genau wie jetzt mancher nörgeln wird, dass er sich den Erfolg für 1,2 Mrd. Euro der Scheichs zusammenkaufen konnte.', 'Wenn dann der Moment der Erlösung kommt, der Moment, in dem alles von einem abfällt, ist das Glück pur. Wie Steffi ist das Pep von Herzen zu gönnen.', 'Und was kommt danach?', 'Steffi Graf zählt zu den ganz wenigen Sport-Superstars, die es geschafft haben, auf dem Höhepunkt ihre Karriere zu beenden. Kurz nach diesem French-Open-Triumph für die Ewigkeit zog sie sich zurück. Sie war gerade 30 geworden, hatte mit Verletzungen zu kämpfen und wusste: Besser wird es nicht! Außerdem wartete ein gewisser Agassi...', 'Es wäre absurd, Pep mit 52 nahezulegen, nicht mehr als Trainer zu arbeiten. Aber falls er mit Man City in seinem siebten Jahr endlich das historische Triple gewinnt, wäre es der perfekte Zeitpunkt zu gehen. Vermutlich reizt ihn aber mehr, mit diesem Verein eine Ära in Europa zu prägen. Er kann (noch) nicht anders.', 'CHAMPIONS LEAGUE HALBFINALE', 'Inter Mailand - AC Mailand ....1:0 (2:0)', 'Man City - Real Madrid...........4:0 (1:1)', 'Hinspielergebnisse in Klammern', 'Finale: 10. Juni in Istanbul Inter Mailand - Man City', '17. Mai 2023: Völlig losgelöst bejubelt Pep Guardiola die 4:0-Gala gegen Real. Der Spanier steht zum vierten Mal in seiner Trainerkarriere im Champions-League-Finale', '5. Juni 1999: Nach ihrem Finalsieg bei den French Open gegen Martina Hingis präsentiert Steffi Graf überglücklich den Coupe Suzanne Lenglen, benannt nach der 12-maligen Grand-Slam-Siegerin', 'Fotos: ISAAC PARKIN/MANCHESTER CITY FC, THOMAS COEX/DPA ']",Matthias Brügelmann
MEINUNG; Keine Deals mit kriminellen Clans!,135 words,17 May 2023,BILD,ZBILD,"['THOMAS FISCHER', 'Dreieinhalb Jahre nach dem Juwelenklau in Sachsens Schatzkammer ist das Urteil gesprochen worden. Und freuen konnten sich nur die Remmos!', 'Butterweiche Urteile, nach einem Kuhhandel mit der Justiz, einem Geschacher wie auf einem Basar.', 'Dabei wurde nichts Geringeres als Sachsens Kronjuwelen gestohlen - ein unschätzbar wertvolles kulturhistorisches Erbe.', 'Doch die Justiz ließ sich einen unsäglichen Deal diktieren: vom Klau-Clan selbst. Der rückte von der Beute einige ramponierte Schmuckstücke wieder raus, gab halbherzige Geständnisse ab, forderte milde Strafen - und bekam sie! Was bleibt nach diesem Urteil? Die fehlende Gerechtigkeit!', 'Nach dem Dresdner Richterspruch kann nun jeder Fahrraddieb sagen: Ich gebe den Lenker und den Sattel zurück - jetzt will auch ich den Remmo-Rabatt.', 'Solche Urteile dürfen sich nicht wiederholen - stoppt die Rabatt-Schlacht in deutschen Gerichten!']",THOMAS FISCHER
MEINUNG; Mehr Bremen wagen!,134 words,16 May 2023,BILD,ZBILD,"['SEBASTIAN GEISLER', 'Die Bremen-Wahl hat gezeigt, was bei den Grünen gerade schiefläuft.', 'Die Partei, die intern so viel auf Mit- und Selbstbestimmung setzt, hat es sich im kleinsten Bundesland mit dem Gegenteil verscherzt: Sie hat immer wieder versucht, Bürger zu bevormunden. Nicht nur Hausbesitzer, sondern auch Autofahrer.', 'Die Quittung der Wähler ist konsequent!', 'Dass die grüne Spitzenkandidatin Maike Schaefer direkt die Konsequenzen zieht und hinschmeißt, verdient Respekt. Ihr Rücktritt zeigt: Für Fehler geradezustehen, ist in der Politik doch noch nicht ganz aus der Mode gekommen.', 'Im kleinen und oft verlachten Bundesland Bremen wird damit vorgemacht, was in vielen großen Ländern und in der Hauptstadt Berlin mittlerweile als völlig altbacken gilt: Verantwortung für Fehlleistungen zu übernehmen.', 'Insofern sollten Politiker in ganz Deutschland viel öfter etwas mehr Bremen wagen.']",SEBASTIAN GEISLER
MEINUNG; Der gierige Infantino sollte sich schämen,254 words,5 May 2023,BILD,ZBILD,"['MATTHIAS BRÜGELMANN', 'Es ist unfassbar: Stand heute ist die Fußball-WM der Frauen in Australien und Neuseeland tatsächlich nicht im deutschen TV zu sehen. Dabei geht das Turnier schon am 20. Juli los!', 'Der Hauptgrund? Die Gier des arroganten Fifa-Präsidenten Gianni Infantino (53)!', 'Die Angebote der TV-Sender aus Deutschland, England, Spanien, Italien und Frankreich sind ihm nicht gut genug. Er redet wörtlich von einer ""Ohrfeige"" für den Frauenfußball und droht, die Spiele auf der Fifa-Website zu verstecken.', 'Dabei sitzt die Fifa auf dem größten Geldhaufen ihrer Geschichte. Zuletzt wurde ein Gewinn von 1,2 Mrd. Dollar (2019 bis 2022) gemeldet - elfmal höher als erwartet. Und trotzdem scheint er bereit, eine Übertragung der WM in den größten Fußball-Nationen Europas an ein paar Millionen scheitern zu lassen.', 'Wenn Infantino der Frauenfußball wirklich so am Herzen liegen würde, dann würde er sich darüber freuen, dass die reichweitenstärksten Sender ARD und ZDF die Spiele zeigen wollen.', 'Denn das hilft der Entwicklung des Sports am meisten. Er sollte wissen, dass die Anstoßzeiten am deutschen Vormittag zur Folge haben, dass die Rekordzahlen der EM 2022 bei Weitem nicht erreicht werden. Und er könnte sogar ein bisschen Dankbarkeit zeigen, dass die Öffentlich-Rechtlichen die Turniere schon früher gezeigt haben, als sich das Interesse noch sehr in Grenzen hielt.', 'Leider sind Dankbarkeit und Fairplay Fremdworte für den Schweizer. Der geldgierige Infantino trägt seine Machtspielchen mit den TV-Anstalten auf dem Rücken der Fußball-Frauen aus - er sollte sich schämen.']",Matthias Brügelmann
MEINUNG; Kein Zweck heiligt diese Mittel!,138 words,4 May 2023,BILD,ZBILD,"['PETER TIEDE', 'Wir sind ja Lobby-Skandale und Amigo-Affären gewohnt.', ""Aber bei dem, was sich rund ums Wirtschaftsministerium von Robert Habeck und die deutsche Energiewende abzeichnet, geht's ans Eingemachte!"", 'Es wuchert ein Familien-, Amigo- und Lobby-Netzwerk, das ungeheuerliche Fragen aufwirft: Wird die Klima- und Wirtschaftspolitik der Industrienation Deutschland aus dem Ausland beeinflusst? Wie viel Macht hat ein einzelner US-Öko-Lobbyist bei uns?', 'Es ist ganz banal: Politik lebt von Vertrauen, Demokratie von Transparenz. Transparent ist bei Geld und Verquickungen in diesem Fall aber kaum etwas.', 'Und das zerstört Vertrauen.', 'Selbst wenn wir vom Besten ausgehen und die Ziele gute, und die Öko-Akteure ehrlichen Herzens unterwegs sind - auf die Frage, ob der Zweck die Mittel heiligt, kann es in einer Demokratie nur eine Antwort geben: NIEMALS!']",Peter Tiede
KOMMENTAR; Messi versaut's wie Ronaldo,339 words,4 May 2023,BILD,ZBILD,"['WALTER M. STRATEN', 'Ich gebe es zu: Selten habe ich einem einzelnen Spieler so den WM-Titel gewünscht wie Lionel Messi (35) in Katar. Endlich die Krönung seiner wunderbaren Karriere!', 'Und jetzt zieht das Genie mein Gefühl, das ich mit Millionen (vielleicht sogar Milliarden) Fans teile, in den Dreck. Oder besser gesagt: in den Wüstensand!', 'Messi ist nach der 1:3-Pleite von Paris Saint-Germain gegen Lorient - offenbar ohne Erlaubnis des Klubs - abgehauen. PR-Tour mit seiner Familie im Reich des Blutscheichs von Saudi-Arabien, statt bei seinem kriselnden Team zu trainieren.', 'PSG hat Messi intern für zwei Spiele suspendiert.', 'Am Saisonende wird er ohnehin die Katar-Dependance Paris verlassen, mit der er nie richtig warm wurde. Und wo er längst der Buhmann der Ultras ist. Sie pfeifen, wenn sie ihn auf dem Platz sehen.', 'Was für ein unwürdiges Ende einer gescheiterten Fußball-Beziehung!', 'Der siebenmalige Weltfußballer Messi versaut sein Karriereende - genau wie der fünfmalige Titelträger Ronaldo (38).', 'Der provozierte seinen Abgang von Man United durch Ego-Nummern, verschwand z.B. während eines Spiels aus dem Stadion und reklamierte bei der WM auf ganz miese Art ein Tor für sich, weil der Ball vorher angeblich seine Haare gestreichelt hatte. Jetzt gurkt er sich durch die saudische Liga!', 'Und Messi? Kehrt er nach Barcelona zurück? Er hätte unsterblich werden können, wenn er bei seinem damals Fast-Pleite-Heimatklub geblieben wäre und dort für ein symbolisches Gehalt weitergespielt hätte. Leider zog er die Paris-Moneten vor.', 'Treibt beide am Ende nur noch Geld-Gier an? Nach der gestern veröffentlichten Forbes-Liste sind Ronaldo (123 Mio. Euro pro Jahr) und Messi (117 Mio.) die höchstbezahlten Sportler der Welt.', 'Sollte Messi nun auch nach Saudi-Arabien wechseln, könnte er Ronaldo vielleicht sogar in der Geld-Tabelle überholen. Für mich wäre er dann der größte Absteiger des Weltfußballs.', 'Lionel Messi im Paris-Trikot. 2021 war er ablösefrei aus Barcelona gekommen. In 71 Pflichtspielen erzielte er 31 Tore und bereitete 34 weitere vor Foto: PA ']",Walter M. Straten
"MEINUNG; Wie der Staat Brände löscht, die er selbst gelegt hat",244 words,2 May 2023,BILD,ZBILD,"['ROBERT SCHNEIDER', 'Am Wochenende in den ""heute""-Nachrichten: Erst kündigt Wirtschaftsminister Habeck eine Strompreisbremse für die Industrie an, wenige Minuten später verspricht SPD-Chef Klingbeil Nachbesserungen zur sozialen Abfederung im Heizungsgesetz aus dem Hause Habeck an. Klingt gut, ist es aber nicht. Denn in beiden Fällen kleistert der Staat mit Millionen und Milliarden an Steuergeld die Versäumnisse und Fehlkonstruktionen der eigenen Politik zu.', 'Die Wettbewerbsfähigkeit der deutschen Industrie hat niemand anderes als eben dieser Staat mit der verkorksten Energiewende in den vergangenen zwei Jahrzehnten in die Gefahr gebracht, aus der Habeck sie jetzt mit einem staatlich garantierten Strompreis retten will. Und die Nöte der Hauseigentümer und Mieter mit der Heizung hat Habeck mit seinem vermurksten Heizungsgesetz höchstselbst so stark geschürt, dass es im Volk zu brodeln begann und dass jetzt abgefedert werden muss - koste es, was es wolle!', 'Eigentlich ist es Irrsinn, aber der Staat liebt das: Die Wirtschaft abhängig von Subventionen und die Bürger von Transferzahlungen. Denn so züchtet er Abhängigkeit und Dankbarkeit - und wird am Ende übermächtig. Doch für den deutschen Heizungsbau-Champion Viessmann kommt Habecks Industrie-Strompreis zu spät und auch für den Mittelständler Vaillant, der gerade in der Slowakei eine Wärmepumpen-Megafabrik hochzieht - um nur zwei Beispiele zu nennen.', 'Der industrielle Exodus aus Deutschland wird weitergehen. Denn bei uns sind nicht nur die Energiepreise weltrekordverdächtig, sondern auch Steuern und Bürokratie. Das lässt sich weder deckeln noch abfedern.']",ROBERT SCHNEIDER
MEINUNG; Stoppt den grünen Klüngel!,121 words,29 April 2023,BILD,ZBILD,"['ZARA RIFFLER', 'In Robert Habecks Ministerium hat ein ""Familien-Clan"" in bedenklicher Weise die Oberhand gewonnen.', 'Staatssekretäre sind verschwägert. Familienmitglieder arbeiten in geförderten Klimalobby-Organisationen. Die wiederum: beraten Habeck, bearbeiten Studien, erstellen Gutachten - und vor allem: wirken bei Gesetzesvorhaben mit!', 'Obendrein wird ein Graichen-Trauzeuge ""zufällig"" Chef von genau jener Energie-Agentur, die als Bundeseigentum zu über 70 Prozent Aufträge vom Habeck-Ministerium selbst bekommt.', 'Zufall oder Sumpf? Es erscheint schon fast wie ein ausgeklügeltes System, das installiert wurde, um mutmaßlich ideologische Vorstellungen durchzubringen.', 'Der Verdacht wiegt sehr schwer: Treibt hier ein Familien-Clan unter dem Deckmantel des Bundeswirtschaftsministeriums die umstrittene Energiewende voran?', 'Robert Habeck hat keine Alternative: Er muss die Graichen-Family rausschmeißen!']",ZARA RIFFLER 
MEINUNG; Auch mal ans Sparen denken!,140 words,28 April 2023,BILD,ZBILD,"['ROMAN EICHINGER', 'Strom und Benzin, Heizung und Lebensmittel. Alles wird teurer. Und jetzt sollen nach den Beiträgen für die Pflegeversicherung auch noch die für die Krankenkassen steigen. Schon wieder.', 'Heißt für Millionen Kassenpatienten: Weniger netto vom brutto. Der normale Arbeitnehmer ist der Dumme.', 'Muss das sein?', 'Klar, gute Ärzte kosten Geld und sind lebenswichtig. Aber: Warum wird bei den Krankenkassen nicht viel stärker über Einsparungen diskutiert?', 'Einfaches Beispiel: Die meisten Kassenpatienten wissen gar nicht, was ihr Arzt für welche Behandlung abrechnet. Ist ja auch egal, zahlt ja die Allgemeinheit.', 'Aber warum gibt es nicht nach JEDEM Arztbesuch eine Übersicht über erbrachte Leistungen und Kosten, die der Patient quittieren muss?', 'Volle Transparenz im Gesundheitssystem - von der Rechnung beim Arzt oder Apotheker bis zum Verwaltungsaufwand - das wäre zumindest mal ein Anfang.', 'Und kostet wenig.']",ROMAN EICHINGER
MEINUNG; Eine Rebellion gegen Habeck!,153 words,27 April 2023,BILD,ZBILD,"['JAN W. SCHÄFER', 'Die Wärmepumpe ist DAS Symbol für die Klimapolitik von Robert Habeck.', 'Sie soll künftig in Millionen Häusern schnurren: Wärme ""Made in Germany"". Gerade jetzt verkauft die hessische Firma Viessmann die Wärmepumpen-Sparte an einen US-Investor.', 'Klar ist: Jeder Unternehmer kann frei entscheiden, wo er produzieren will, an wen er Firmenteile verkauft.', 'Diese Freiheit ist meist gut für die Verbraucher! Im Fall Viessmann ist sie zugleich eine Rote Karte für Habeck!', 'Der Verkauf zeigt: Der Wirtschaft fehlt zunehmend die Kraft für diesen Wirtschaftsminister. Habeck strapaziert das Land in einer Weise, die ihresgleichen sucht. Die zig Milliarden, die Firmen und Verbraucher in die Energiewende stecken müssen, können viele einfach nicht mehr stemmen.', 'Mit dem Wärmepumpen-Verkauf rebelliert Viessmann gegen Habecks Politik. Weitere Unternehmen werden folgen.', 'Es ist eine Binsenweisheit: Wer wirksamen Klimaschutz will, braucht eine starke Wirtschaft. Leider setzt Habeck beides aufs Spiel!']",Jan W. Schäfer
MEINUNG; Mehr Zuversicht fürs Alter!,133 words,26 April 2023,BILD,ZBILD,"['LYDIA ROSENFELDER', 'Wir leben in einer Gesellschaft, die Pflegebedürftigkeit und Tod lieber ausblendet.', 'Das geht jetzt nicht mehr!', 'Die Pflegeversicherung bricht in absehbarer Zeit zusammen. Immer mehr Menschen spüren schmerzhaft, wie teuer Altwerden sein kann. Weil die Pflegeversicherung eben nur einen Teil der Kosten abdeckt.', 'Die Politik hat es jahrelang versäumt, das klar zu benennen: Es können nicht immer weniger Junge immer mehr Alte versorgen.', 'Wird die Ampel es schaffen, auf den schnellen Beifall zu verzichten - zugunsten einer generationengerechten Pflegefinanzierung?', 'Die Absicht ist da, aber die Umsetzung lahmt. Und so steigen die Kosten für Beitragszahler und Pflegebedürftige steil an.', 'Mögliche Lösung: Eine Vollversicherung, zur Hälfte getragen vom Arbeitgeber.', 'Klar ist jedenfalls: Wir brauchen einen großen Wurf!', 'Denn wir brauchen in Deutschland dringend mehr Zuversicht fürs Alter.']",Lydia Rosenfelder
